<component name="ProjectCodeStyleConfiguration">
  <code_scheme name="Project" version="173">
    <option name="LINE_SEPARATOR" value="&#10;" />
    <option name="RIGHT_MARGIN" value="160" />
    <option name="SOFT_MARGINS" value="160" />
    <JavaCodeStyleSettings>
      <option name="GENERATE_FINAL_LOCALS" value="true" />
      <option name="GENERATE_FINAL_PARAMETERS" value="true" />
      <option name="CLASS_NAMES_IN_JAVADOC" value="3" />
      <option name="CLASS_COUNT_TO_USE_IMPORT_ON_DEMAND" value="99" />
      <option name="NAMES_COUNT_TO_USE_IMPORT_ON_DEMAND" value="99" />
      <option name="IMPORT_LAYOUT_TABLE">
        <value>
          <package name="com.yy" withSubpackages="true" static="false" />
          <package name="com.duowan" withSubpackages="true" static="false" />
          <emptyLine />
          <package name="java" withSubpackages="true" static="false" />
          <package name="javax" withSubpackages="true" static="false" />
          <emptyLine />
          <package name="android" withSubpackages="true" static="false" />
          <emptyLine />
          <package name="" withSubpackages="true" static="false" />
          <emptyLine />
          <package name="" withSubpackages="true" static="true" />
        </value>
      </option>
      <option name="JD_ADD_BLANK_AFTER_PARM_COMMENTS" value="true" />
      <option name="JD_ADD_BLANK_AFTER_RETURN" value="true" />
      <option name="JD_PRESERVE_LINE_FEEDS" value="true" />
    </JavaCodeStyleSettings>
    <JetCodeStyleSettings>
      <option name="CODE_STYLE_DEFAULTS" value="KOTLIN_OFFICIAL" />
    </JetCodeStyleSettings>
    <codeStyleSettings language="JAVA">
      <option name="LINE_COMMENT_AT_FIRST_COLUMN" value="false" />
      <option name="BLOCK_COMMENT_AT_FIRST_COLUMN" value="false" />
      <option name="LINE_COMMENT_ADD_SPACE" value="true" />
      <option name="KEEP_FIRST_COLUMN_COMMENT" value="false" />
      <option name="TERNARY_OPERATION_WRAP" value="5" />
      <option name="TERNARY_OPERATION_SIGNS_ON_NEXT_LINE" value="true" />
      <option name="KEEP_SIMPLE_METHODS_IN_ONE_LINE" value="true" />
      <option name="KEEP_SIMPLE_LAMBDAS_IN_ONE_LINE" value="true" />
      <option name="KEEP_SIMPLE_CLASSES_IN_ONE_LINE" value="true" />
      <option name="WRAP_COMMENTS" value="true" />
      <option name="IF_BRACE_FORCE" value="3" />
      <option name="DOWHILE_BRACE_FORCE" value="3" />
      <option name="WHILE_BRACE_FORCE" value="3" />
      <option name="FOR_BRACE_FORCE" value="3" />
      <option name="ENUM_CONSTANTS_WRAP" value="2" />
    </codeStyleSettings>
    <codeStyleSettings language="kotlin">
      <option name="CODE_STYLE_DEFAULTS" value="KOTLIN_OFFICIAL" />
      <option name="KEEP_FIRST_COLUMN_COMMENT" value="false" />
      <option name="ENUM_CONSTANTS_WRAP" value="2" />
    </codeStyleSettings>
  </code_scheme>
</component>