<component name="InspectionProjectProfileManager">
  <profile version="1.0">
    <option name="myName" value="YY-Inspections" />
    <inspection_tool class="FieldMayBeFinal" enabled="true" level="WARNING" enabled_by_default="true" />
    <inspection_tool class="LocalCanBeFinal" enabled="true" level="WARNING" enabled_by_default="true">
      <option name="REPORT_VARIABLES" value="true" />
      <option name="REPORT_PARAMETERS" value="true" />
    </inspection_tool>
    <inspection_tool class="NonFinalUtilityClass" enabled="true" level="WARNING" enabled_by_default="true" />
    <inspection_tool class="SerializableHasSerialVersionUIDField" enabled="true" level="WARNING" enabled_by_default="true">
      <option name="ignoreAnonymousInnerClasses" value="false" />
      <option name="superClassString" value="" />
    </inspection_tool>
    <inspection_tool class="UnqualifiedFieldAccess" enabled="true" level="WARNING" enabled_by_default="true" />
    <inspection_tool class="UnqualifiedMethodAccess" enabled="true" level="WARNING" enabled_by_default="true" />
    <inspection_tool class="UtilityClassWithPublicConstructor" enabled="true" level="WARNING" enabled_by_default="true" />
    <inspection_tool class="UtilityClassWithoutPrivateConstructor" enabled="true" level="WARNING" enabled_by_default="true">
      <option name="ignorableAnnotations">
        <value />
      </option>
      <option name="ignoreClassesWithOnlyMain" value="false" />
    </inspection_tool>
  </profile>
</component>